[
  {
    "anonymous": false,
    "inputs": [
      {
        "indexed": false,
        "internalType": "string",
        "name": "companyName",
        "type": "string"
      },
      {
        "indexed": false,
        "internalType": "uint256",
        "name": "reviewId",
        "type": "uint256"
      },
      {
        "indexed": false,
        "internalType": "address",
        "name": "user",
        "type": "address"
      }
    ],
    "name": "ReviewDownVoted",
    "type": "event"
  },
  {
    "anonymous": false,
    "inputs": [
      {
        "indexed": false,
        "internalType": "string",
        "name": "companyName",
        "type": "string"
      },
      {
        "indexed": false,
        "internalType": "address",
        "name": "user",
        "type": "address"
      },
      {
        "indexed": false,
        "internalType": "uint8",
        "name": "rating",
        "type": "uint8"
      }
    ],
    "name": "ReviewSubmitted",
    "type": "event"
  },
  {
    "anonymous": false,
    "inputs": [
      {
        "indexed": false,
        "internalType": "string",
        "name": "companyName",
        "type": "string"
      },
      {
        "indexed": false,
        "internalType": "uint256",
        "name": "reviewId",
        "type": "uint256"
      },
      {
        "indexed": false,
        "internalType": "address",
        "name": "user",
        "type": "address"
      }
    ],
    "name": "ReviewUpVoted",
    "type": "event"
  },
  {
    "inputs": [{ "internalType": "string", "name": "", "type": "string" }],
    "name": "companies",
    "outputs": [
      { "internalType": "string", "name": "name", "type": "string" },
      { "internalType": "uint256", "name": "totalRating", "type": "uint256" },
      {
        "internalType": "uint256",
        "name": "numberOfReviews",
        "type": "uint256"
      }
    ],
    "stateMutability": "view",
    "type": "function"
  },
  {
    "inputs": [
      { "internalType": "string", "name": "", "type": "string" },
      { "internalType": "uint256", "name": "", "type": "uint256" }
    ],
    "name": "companyReviews",
    "outputs": [
      { "internalType": "address", "name": "user", "type": "address" },
      { "internalType": "string", "name": "companyName", "type": "string" },
      { "internalType": "string", "name": "reviewText", "type": "string" },
      { "internalType": "string", "name": "date", "type": "string" },
      { "internalType": "string", "name": "userName", "type": "string" },
      { "internalType": "uint8", "name": "rating", "type": "uint8" },
      { "internalType": "uint256", "name": "up_votes", "type": "uint256" },
      { "internalType": "uint256", "name": "down_votes", "type": "uint256" }
    ],
    "stateMutability": "view",
    "type": "function"
  },
  {
    "inputs": [
      { "internalType": "string", "name": "_companyName", "type": "string" },
      { "internalType": "uint256", "name": "_reviewIndex", "type": "uint256" }
    ],
    "name": "downVoteReview",
    "outputs": [],
    "stateMutability": "nonpayable",
    "type": "function"
  },
  {
    "inputs": [
      { "internalType": "string", "name": "_companyName", "type": "string" }
    ],
    "name": "getAverageRating",
    "outputs": [{ "internalType": "uint256", "name": "", "type": "uint256" }],
    "stateMutability": "view",
    "type": "function"
  },
  {
    "inputs": [
      { "internalType": "string", "name": "_companyName", "type": "string" }
    ],
    "name": "getCompanyReviews",
    "outputs": [
      {
        "components": [
          { "internalType": "address", "name": "user", "type": "address" },
          { "internalType": "string", "name": "companyName", "type": "string" },
          { "internalType": "string", "name": "reviewText", "type": "string" },
          { "internalType": "string", "name": "date", "type": "string" },
          { "internalType": "string", "name": "userName", "type": "string" },
          { "internalType": "uint8", "name": "rating", "type": "uint8" },
          { "internalType": "uint256", "name": "up_votes", "type": "uint256" },
          { "internalType": "uint256", "name": "down_votes", "type": "uint256" }
        ],
        "internalType": "struct CompanyReviewSystem.Review[]",
        "name": "",
        "type": "tuple[]"
      }
    ],
    "stateMutability": "view",
    "type": "function"
  },
  {
    "inputs": [
      { "internalType": "string", "name": "", "type": "string" },
      { "internalType": "uint256", "name": "", "type": "uint256" },
      { "internalType": "address", "name": "", "type": "address" }
    ],
    "name": "reviewDownVotes",
    "outputs": [{ "internalType": "bool", "name": "", "type": "bool" }],
    "stateMutability": "view",
    "type": "function"
  },
  {
    "inputs": [
      { "internalType": "string", "name": "", "type": "string" },
      { "internalType": "uint256", "name": "", "type": "uint256" },
      { "internalType": "address", "name": "", "type": "address" }
    ],
    "name": "reviewUpVotes",
    "outputs": [{ "internalType": "bool", "name": "", "type": "bool" }],
    "stateMutability": "view",
    "type": "function"
  },
  {
    "inputs": [
      { "internalType": "string", "name": "_companyName", "type": "string" },
      { "internalType": "string", "name": "_reviewText", "type": "string" },
      { "internalType": "string", "name": "_date", "type": "string" },
      { "internalType": "string", "name": "_userName", "type": "string" },
      { "internalType": "uint8", "name": "_rating", "type": "uint8" }
    ],
    "name": "submitReview",
    "outputs": [],
    "stateMutability": "nonpayable",
    "type": "function"
  },
  {
    "inputs": [
      { "internalType": "string", "name": "_companyName", "type": "string" },
      { "internalType": "uint256", "name": "_reviewIndex", "type": "uint256" }
    ],
    "name": "upVoteReview",
    "outputs": [],
    "stateMutability": "nonpayable",
    "type": "function"
  }
]
